thread_id,Gstart,Gend,request_time,push_start_time,push_end_time,gpu_start_time,gpu_end_time,pull_start_time,pull_end_time,push_delay,compute_delay,pull_delay,total_delay
1,0,306,1745484462379.05,1745484462380.40,1745484462381.07,1745484462381.07,1745484463265.68,1745484463265.68,1745484463265.76,0.67,884.61,0.08,885.36
2,0,306,1745484462379.15,1745484463265.77,1745484463265.94,1745484463265.94,1745484463292.58,1745484463292.58,1745484463299.19,0.17,26.63,6.61,33.42
10,0,306,1745484462379.20,1745484463299.20,1745484463299.70,1745484463299.70,1745484463316.76,1745484463316.76,1745484463316.83,0.50,17.06,0.07,17.63
3,0,306,1745484462379.29,1745484463316.84,1745484463317.16,1745484463317.16,1745484463334.15,1745484463334.15,1745484463334.22,0.32,16.98,0.07,17.38
11,0,306,1745484462379.31,1745484463334.24,1745484463334.41,1745484463334.41,1745484463351.92,1745484463351.92,1745484463352.19,0.17,17.51,0.27,17.95
8,0,306,1745484462379.43,1745484463352.20,1745484463352.81,1745484463352.81,1745484463370.27,1745484463370.27,1745484463370.35,0.61,17.46,0.08,18.15
7,0,306,1745484462379.75,1745484463370.36,1745484463370.53,1745484463370.53,1745484463387.73,1745484463387.73,1745484463387.79,0.17,17.20,0.06,17.44
4,0,306,1745484462379.77,1745484463387.80,1745484463387.97,1745484463387.97,1745484463404.66,1745484463404.66,1745484463404.72,0.17,16.69,0.06,16.92
5,0,306,1745484462379.77,1745484463404.73,1745484463404.89,1745484463404.89,1745484463421.69,1745484463421.69,1745484463421.75,0.17,16.79,0.06,17.02
9,0,306,1745484462381.66,1745484463421.76,1745484463421.93,1745484463421.93,1745484463438.62,1745484463438.62,1745484463438.70,0.17,16.69,0.08,16.94
6,0,306,1745484462382.13,1745484463438.71,1745484463438.87,1745484463438.87,1745484463455.59,1745484463455.59,1745484463455.65,0.17,16.72,0.06,16.94
1,0,306,1745484463277.57,1745484463455.66,1745484463455.83,1745484463455.83,1745484463472.67,1745484463472.67,1745484463472.73,0.17,16.84,0.06,17.08
2,0,306,1745484463311.32,1745484463472.74,1745484463472.95,1745484463472.95,1745484463489.43,1745484463489.43,1745484463489.52,0.20,16.48,0.09,16.78
10,0,306,1745484463328.68,1745484463489.53,1745484463489.84,1745484463489.84,1745484463507.10,1745484463507.10,1745484463507.17,0.31,17.25,0.08,17.64
3,0,306,1745484463346.44,1745484463507.18,1745484463507.36,1745484463507.36,1745484463524.13,1745484463524.13,1745484463524.22,0.17,16.78,0.09,17.04
11,0,306,1745484463364.39,1745484463524.23,1745484463524.40,1745484463524.40,1745484463541.61,1745484463541.61,1745484463541.70,0.17,17.21,0.09,17.47
8,0,306,1745484463382.37,1745484463541.71,1745484463541.88,1745484463541.88,1745484463558.66,1745484463558.66,1745484463558.72,0.17,16.77,0.06,17.00
7,0,306,1745484463399.60,1745484463558.72,1745484463558.89,1745484463558.89,1745484463576.22,1745484463576.22,1745484463576.30,0.17,17.32,0.08,17.57
4,0,306,1745484463416.64,1745484463576.30,1745484463576.47,1745484463576.47,1745484463593.67,1745484463593.67,1745484463593.73,0.17,17.20,0.05,17.42
5,0,306,1745484463433.60,1745484463593.74,1745484463593.90,1745484463593.90,1745484463611.14,1745484463611.14,1745484463611.20,0.17,17.24,0.06,17.47
9,0,306,1745484463450.48,1745484463611.21,1745484463611.38,1745484463611.38,1745484463628.68,1745484463628.68,1745484463628.74,0.17,17.30,0.06,17.53
6,0,306,1745484463467.59,1745484463628.75,1745484463628.93,1745484463628.93,1745484463646.21,1745484463646.21,1745484463646.29,0.18,17.28,0.08,17.54
1,0,306,1745484463484.75,1745484463646.29,1745484463646.46,1745484463646.46,1745484463663.88,1745484463663.88,1745484463663.94,0.17,17.41,0.07,17.65
2,0,306,1745484463501.49,1745484463663.95,1745484463664.13,1745484463664.13,1745484463680.67,1745484463680.67,1745484463680.94,0.18,16.54,0.27,16.99
10,0,306,1745484463518.90,1745484463680.95,1745484463681.53,1745484463681.53,1745484463698.79,1745484463698.79,1745484463698.88,0.58,17.26,0.09,17.93
3,0,306,1745484463536.20,1745484463698.89,1745484463699.06,1745484463699.06,1745484463715.86,1745484463715.86,1745484463715.93,0.17,16.80,0.07,17.04
11,0,306,1745484463553.43,1745484463715.94,1745484463716.11,1745484463716.11,1745484463733.35,1745484463733.35,1745484463733.44,0.17,17.24,0.09,17.50
8,0,306,1745484463570.75,1745484463733.45,1745484463733.63,1745484463733.63,1745484463750.41,1745484463750.41,1745484463750.47,0.18,16.78,0.06,17.01
7,0,306,1745484463588.30,1745484463750.48,1745484463750.65,1745484463750.65,1745484463767.94,1745484463767.94,1745484463768.01,0.17,17.30,0.07,17.54
4,0,306,1745484463605.70,1745484463768.02,1745484463768.19,1745484463768.19,1745484463785.46,1745484463785.46,1745484463785.53,0.17,17.27,0.07,17.51
5,0,306,1745484463623.10,1745484463785.54,1745484463785.71,1745484463785.71,1745484463803.03,1745484463803.03,1745484463803.09,0.17,17.32,0.06,17.55
9,0,306,1745484463640.73,1745484463803.10,1745484463803.27,1745484463803.27,1745484463820.51,1745484463820.51,1745484463820.57,0.17,17.24,0.06,17.47
6,0,306,1745484463658.32,1745484463820.58,1745484463820.75,1745484463820.75,1745484463838.06,1745484463838.06,1745484463838.13,0.17,17.32,0.07,17.55
1,0,306,1745484463676.03,1745484463838.14,1745484463838.31,1745484463838.31,1745484463855.51,1745484463855.51,1745484463855.59,0.17,17.20,0.08,17.45
2,0,306,1745484463693.19,1745484463855.60,1745484463855.77,1745484463855.77,1745484463872.30,1745484463872.30,1745484463872.57,0.17,16.53,0.27,16.97
10,0,306,1745484463710.58,1745484463872.58,1745484463872.88,1745484463872.88,1745484463890.17,1745484463890.17,1745484463890.45,0.30,17.29,0.27,17.87
3,0,306,1745484463727.89,1745484463890.46,1745484463890.77,1745484463890.77,1745484463908.01,1745484463908.01,1745484463908.07,0.31,17.24,0.06,17.61
11,0,306,1745484463745.19,1745484463908.07,1745484463908.24,1745484463908.24,1745484463925.49,1745484463925.50,1745484463925.58,0.17,17.25,0.09,17.51
8,0,306,1745484463762.51,1745484463925.59,1745484463926.09,1745484463926.09,1745484463943.05,1745484463943.05,1745484463943.11,0.50,16.96,0.06,17.52
7,0,306,1745484463779.95,1745484463943.12,1745484463943.29,1745484463943.29,1745484463960.48,1745484463960.48,1745484463960.55,0.17,17.19,0.08,17.43
4,0,306,1745484463797.59,1745484463960.56,1745484463960.73,1745484463960.73,1745484463977.94,1745484463977.94,1745484463978.00,0.17,17.21,0.06,17.44
5,0,306,1745484463815.02,1745484463978.01,1745484463978.17,1745484463978.17,1745484463995.40,1745484463995.40,1745484463995.46,0.17,17.22,0.06,17.46
9,0,306,1745484463832.51,1745484463995.47,1745484463995.64,1745484463995.64,1745484464013.07,1745484464013.07,1745484464013.15,0.17,17.43,0.08,17.68
6,0,306,1745484463850.14,1745484464013.16,1745484464013.32,1745484464013.32,1745484464030.66,1745484464030.66,1745484464030.93,0.17,17.33,0.28,17.78
1,0,306,1745484463867.49,1745484464030.94,1745484464031.54,1745484464031.55,1745484464048.50,1745484464048.50,1745484464048.56,0.60,16.95,0.06,17.61
2,0,306,1745484463884.53,1745484464048.56,1745484464048.74,1745484464048.74,1745484464065.12,1745484464065.12,1745484464065.16,0.17,16.38,0.04,16.60
10,0,306,1745484463902.52,1745484464065.17,1745484464065.33,1745484464065.33,1745484464082.57,1745484464082.57,1745484464082.63,0.16,17.24,0.06,17.46
3,0,306,1745484463920.02,1745484464082.63,1745484464082.92,1745484464082.92,1745484464100.12,1745484464100.12,1745484464100.17,0.29,17.19,0.05,17.53
11,0,306,1745484463937.68,1745484464100.18,1745484464100.34,1745484464100.34,1745484464116.95,1745484464116.95,1745484464117.02,0.16,16.61,0.07,16.84
8,0,306,1745484463955.02,1745484464117.03,1745484464117.33,1745484464117.33,1745484464134.20,1745484464134.20,1745484464134.27,0.30,16.88,0.06,17.24
7,0,306,1745484463972.49,1745484464134.27,1745484464134.56,1745484464134.56,1745484464151.09,1745484464151.09,1745484464151.15,0.28,16.53,0.06,16.88
4,0,306,1745484463989.96,1745484464151.16,1745484464151.44,1745484464151.44,1745484464168.52,1745484464168.52,1745484464168.58,0.28,17.08,0.06,17.42
5,0,306,1745484464007.43,1745484464168.59,1745484464168.88,1745484464168.88,1745484464185.63,1745484464185.63,1745484464185.69,0.29,16.76,0.06,17.11
9,0,306,1745484464025.12,1745484464185.70,1745484464185.84,1745484464185.84,1745484464203.08,1745484464203.08,1745484464203.14,0.14,17.24,0.06,17.44
6,0,306,1745484464043.08,1745484464203.15,1745484464203.28,1745484464203.28,1745484464220.54,1745484464220.54,1745484464220.60,0.13,17.26,0.06,17.45
11,0,306,1745484464234.23,1745484464234.35,1745484464235.00,1745484464235.01,1745484464257.00,1745484464257.00,1745484464257.44,0.65,21.99,0.44,23.09
10,0,306,1745484464234.44,1745484464257.45,1745484464258.04,1745484464258.04,1745484464279.37,1745484464279.37,1745484464279.48,0.58,21.34,0.10,22.02
4,0,306,1745484464234.73,1745484464279.48,1745484464279.99,1745484464279.99,1745484464296.66,1745484464296.66,1745484464296.72,0.50,16.67,0.06,17.23
7,0,306,1745484464235.02,1745484464296.73,1745484464296.89,1745484464296.89,1745484464314.18,1745484464314.18,1745484464314.25,0.17,17.29,0.07,17.53
3,0,306,1745484464235.04,1745484464314.26,1745484464314.43,1745484464314.43,1745484464331.07,1745484464331.07,1745484464331.12,0.17,16.64,0.06,16.86
2,0,306,1745484464235.68,1745484464331.13,1745484464331.30,1745484464331.30,1745484464348.32,1745484464348.32,1745484464348.61,0.17,17.02,0.29,17.48
1,0,306,1745484464235.69,1745484464383.53,1745484464383.70,1745484464383.70,1745484464400.42,1745484464400.42,1745484464400.50,0.17,16.72,0.07,16.96
6,0,306,1745484464235.72,1745484464417.36,1745484464417.53,1745484464417.53,1745484464434.30,1745484464434.30,1745484464434.37,0.18,16.76,0.07,17.01
5,0,306,1745484464235.75,1745484464348.63,1745484464349.21,1745484464349.21,1745484464366.41,1745484464366.41,1745484464366.50,0.58,17.20,0.09,17.87
9,0,306,1745484464235.79,1745484464400.51,1745484464400.68,1745484464400.68,1745484464417.27,1745484464417.27,1745484464417.35,0.17,16.59,0.08,16.84
8,0,306,1745484464235.82,1745484464366.51,1745484464366.82,1745484464366.82,1745484464383.46,1745484464383.46,1745484464383.53,0.31,16.64,0.07,17.01
11,0,306,1745484464269.39,1745484464434.38,1745484464434.55,1745484464434.55,1745484464451.21,1745484464451.21,1745484464451.30,0.17,16.67,0.08,16.92
10,0,306,1745484464291.40,1745484464451.31,1745484464451.48,1745484464451.48,1745484464468.14,1745484464468.14,1745484464468.20,0.17,16.67,0.06,16.90
4,0,306,1745484464308.72,1745484464468.21,1745484464468.38,1745484464468.38,1745484464485.09,1745484464485.09,1745484464485.15,0.17,16.71,0.06,16.94
7,0,306,1745484464325.87,1745484464485.16,1745484464485.33,1745484464485.33,1745484464501.96,1745484464501.96,1745484464502.02,0.17,16.63,0.06,16.86
3,0,306,1745484464343.21,1745484464502.03,1745484464502.20,1745484464502.20,1745484464518.87,1745484464518.87,1745484464518.95,0.17,16.67,0.08,16.92
2,0,306,1745484464360.83,1745484464518.95,1745484464519.12,1745484464519.12,1745484464536.25,1745484464536.25,1745484464536.33,0.17,17.12,0.08,17.37
5,0,306,1745484464378.23,1745484464536.34,1745484464536.51,1745484464536.51,1745484464553.71,1745484464553.71,1745484464553.78,0.18,17.19,0.08,17.44
8,0,306,1745484464395.32,1745484464553.79,1745484464553.97,1745484464553.97,1745484464570.70,1745484464570.70,1745484464570.77,0.18,16.73,0.07,16.98
1,0,306,1745484464412.61,1745484464570.78,1745484464570.95,1745484464570.95,1745484464588.27,1745484464588.27,1745484464588.33,0.17,17.32,0.06,17.55
9,0,306,1745484464429.12,1745484464588.34,1745484464588.51,1745484464588.51,1745484464605.14,1745484464605.14,1745484464605.22,0.17,16.63,0.09,16.89
6,0,306,1745484464446.11,1745484464605.23,1745484464605.41,1745484464605.41,1745484464622.18,1745484464622.18,1745484464622.24,0.18,16.77,0.06,17.01
11,0,306,1745484464463.06,1745484464622.25,1745484464622.42,1745484464622.42,1745484464639.51,1745484464639.51,1745484464639.59,0.17,17.09,0.08,17.34
10,0,306,1745484464479.99,1745484464639.60,1745484464639.77,1745484464639.77,1745484464657.06,1745484464657.06,1745484464657.13,0.17,17.28,0.08,17.53
4,0,306,1745484464496.93,1745484464657.14,1745484464657.31,1745484464657.31,1745484464674.56,1745484464674.56,1745484464674.61,0.17,17.25,0.06,17.47
7,0,306,1745484464513.79,1745484464674.62,1745484464674.79,1745484464674.79,1745484464691.46,1745484464691.46,1745484464691.52,0.17,16.67,0.06,16.89
3,0,306,1745484464530.94,1745484464691.53,1745484464691.69,1745484464691.69,1745484464708.41,1745484464708.41,1745484464708.47,0.17,16.72,0.06,16.94
2,0,306,1745484464548.30,1745484464708.48,1745484464708.65,1745484464708.65,1745484464725.52,1745484464725.52,1745484464725.81,0.17,16.87,0.29,17.33
5,0,306,1745484464565.47,1745484464725.82,1745484464726.40,1745484464726.40,1745484464743.58,1745484464743.58,1745484464743.66,0.59,17.17,0.08,17.84
8,0,306,1745484464582.77,1745484464743.67,1745484464743.84,1745484464743.84,1745484464760.53,1745484464760.53,1745484464760.59,0.18,16.68,0.06,16.92
1,0,306,1745484464600.27,1745484464760.60,1745484464760.77,1745484464760.77,1745484464778.03,1745484464778.03,1745484464778.12,0.17,17.26,0.09,17.52
9,0,306,1745484464616.96,1745484464778.13,1745484464778.29,1745484464778.29,1745484464795.00,1745484464795.00,1745484464795.08,0.16,16.71,0.08,16.96
6,0,306,1745484464634.24,1745484464795.10,1745484464795.59,1745484464795.59,1745484464812.84,1745484464812.84,1745484464812.90,0.50,17.25,0.06,17.81
11,0,306,1745484464651.63,1745484464812.91,1745484464813.10,1745484464813.10,1745484464830.29,1745484464830.29,1745484464830.36,0.18,17.19,0.08,17.45
10,0,306,1745484464669.02,1745484464830.37,1745484464830.54,1745484464830.54,1745484464847.74,1745484464847.74,1745484464847.80,0.17,17.20,0.06,17.43
4,0,306,1745484464686.44,1745484464847.81,1745484464847.98,1745484464847.98,1745484464865.24,1745484464865.24,1745484464865.30,0.17,17.26,0.06,17.49
7,0,306,1745484464703.22,1745484464865.31,1745484464865.48,1745484464865.48,1745484464882.70,1745484464882.70,1745484464882.77,0.17,17.22,0.07,17.46
3,0,306,1745484464720.52,1745484464882.78,1745484464882.95,1745484464882.95,1745484464899.62,1745484464899.62,1745484464899.68,0.17,16.67,0.06,16.90
2,0,306,1745484464738.06,1745484464899.69,1745484464899.86,1745484464899.86,1745484464916.98,1745484464916.98,1745484464917.07,0.17,17.13,0.08,17.38
5,0,306,1745484464755.34,1745484464917.08,1745484464917.25,1745484464917.25,1745484464933.84,1745484464933.84,1745484464933.92,0.17,16.59,0.08,16.84
8,0,306,1745484464772.48,1745484464933.93,1745484464934.10,1745484464934.10,1745484464950.81,1745484464950.81,1745484464950.87,0.17,16.71,0.06,16.94
1,0,306,1745484464790.12,1745484464950.88,1745484464951.05,1745484464951.05,1745484464968.45,1745484464968.45,1745484464968.51,0.17,17.40,0.06,17.63
9,0,306,1745484464807.18,1745484464968.52,1745484464968.69,1745484464968.69,1745484464985.33,1745484464985.33,1745484464985.42,0.18,16.64,0.08,16.90
6,0,306,1745484464824.82,1745484464985.43,1745484464985.60,1745484464985.60,1745484465002.40,1745484465002.40,1745484465002.47,0.18,16.80,0.07,17.04
11,0,306,1745484464842.40,1745484465002.47,1745484465002.64,1745484465002.64,1745484465019.90,1745484465019.90,1745484465019.96,0.17,17.26,0.06,17.49
10,0,306,1745484464859.81,1745484465019.97,1745484465020.14,1745484465020.14,1745484465037.43,1745484465037.43,1745484465037.49,0.17,17.28,0.07,17.52
4,0,306,1745484464877.23,1745484465037.50,1745484465037.68,1745484465037.68,1745484465054.88,1745484465054.88,1745484465054.94,0.17,17.20,0.06,17.44
7,0,306,1745484464894.51,1745484465054.95,1745484465055.12,1745484465055.12,1745484465072.47,1745484465072.47,1745484465072.53,0.17,17.35,0.06,17.58
3,0,306,1745484464911.62,1745484465072.54,1745484465072.71,1745484465072.71,1745484465090.10,1745484465090.10,1745484465090.16,0.17,17.39,0.06,17.62
2,0,306,1745484464928.74,1745484465090.17,1745484465090.34,1745484465090.34,1745484465107.50,1745484465107.50,1745484465107.59,0.17,17.17,0.09,17.43
5,0,306,1745484464945.60,1745484465107.60,1745484465108.10,1745484465108.10,1745484465125.26,1745484465125.27,1745484465125.35,0.49,17.17,0.09,17.75
8,0,306,1745484464962.93,1745484465125.36,1745484465125.53,1745484465125.53,1745484465142.76,1745484465142.76,1745484465142.82,0.17,17.22,0.06,17.46
1,0,306,1745484464980.60,1745484465142.83,1745484465143.00,1745484465143.00,1745484465160.25,1745484465160.25,1745484465160.32,0.17,17.26,0.06,17.49
9,0,306,1745484464997.19,1745484465160.33,1745484465160.50,1745484465160.50,1745484465177.14,1745484465177.14,1745484465177.23,0.18,16.64,0.09,16.91
6,0,306,1745484465014.39,1745484465177.24,1745484465177.74,1745484465177.74,1745484465194.48,1745484465194.48,1745484465194.55,0.50,16.74,0.07,17.31
11,0,306,1745484465031.89,1745484465194.56,1745484465194.73,1745484465194.73,1745484465211.98,1745484465211.98,1745484465212.05,0.17,17.26,0.06,17.49
10,0,306,1745484465049.40,1745484465212.06,1745484465212.22,1745484465212.22,1745484465229.54,1745484465229.54,1745484465229.61,0.17,17.31,0.07,17.55
4,0,306,1745484465067.07,1745484465229.62,1745484465229.80,1745484465229.80,1745484465249.15,1745484465249.15,1745484465249.26,0.18,19.35,0.10,19.64
7,0,306,1745484465084.53,1745484465249.27,1745484465249.76,1745484465249.76,1745484465266.93,1745484465266.93,1745484465266.99,0.49,17.17,0.06,17.72
3,0,306,1745484465102.13,1745484465267.00,1745484465267.17,1745484465267.17,1745484465284.40,1745484465284.40,1745484465284.45,0.17,17.23,0.06,17.45
2,0,306,1745484465119.71,1745484465284.46,1745484465284.63,1745484465284.63,1745484465301.70,1745484465301.70,1745484465301.79,0.17,17.07,0.08,17.32
5,0,306,1745484465137.34,1745484465301.80,1745484465301.97,1745484465301.97,1745484465319.20,1745484465319.20,1745484465319.28,0.17,17.23,0.08,17.48
8,0,306,1745484465154.74,1745484465319.29,1745484465319.46,1745484465319.46,1745484465336.17,1745484465336.17,1745484465336.23,0.18,16.71,0.06,16.94
1,0,306,1745484465172.32,1745484465336.26,1745484465336.43,1745484465336.43,1745484465353.71,1745484465353.71,1745484465353.77,0.17,17.28,0.06,17.52
9,0,306,1745484465189.21,1745484465353.78,1745484465353.95,1745484465353.95,1745484465370.59,1745484465370.59,1745484465370.68,0.17,16.64,0.09,16.90
6,0,306,1745484465206.47,1745484465370.69,1745484465371.18,1745484465371.18,1745484465388.44,1745484465388.44,1745484465388.49,0.49,17.25,0.06,17.81
11,0,306,1745484465223.95,1745484465388.50,1745484465388.67,1745484465388.67,1745484465405.85,1745484465405.85,1745484465405.91,0.17,17.18,0.06,17.41
10,0,306,1745484465241.53,1745484465405.92,1745484465406.09,1745484465406.09,1745484465423.33,1745484465423.33,1745484465423.39,0.17,17.24,0.06,17.47
4,0,306,1745484465261.41,1745484465423.40,1745484465423.57,1745484465423.57,1745484465440.76,1745484465440.76,1745484465440.82,0.17,17.20,0.06,17.42
7,0,306,1745484465278.90,1745484465440.83,1745484465441.02,1745484465441.02,1745484465458.18,1745484465458.18,1745484465458.24,0.19,17.16,0.06,17.41
3,0,306,1745484465296.46,1745484465458.25,1745484465458.42,1745484465458.42,1745484465475.66,1745484465475.66,1745484465475.72,0.17,17.25,0.06,17.47
2,0,306,1745484465313.75,1745484465475.73,1745484465475.90,1745484465475.90,1745484465493.02,1745484465493.02,1745484465493.30,0.17,17.12,0.28,17.57
5,0,306,1745484465330.95,1745484465493.31,1745484465493.91,1745484465493.91,1745484465510.99,1745484465510.99,1745484465511.07,0.60,17.08,0.08,17.77
8,0,306,1745484465348.18,1745484465511.08,1745484465511.26,1745484465511.26,1745484465527.96,1745484465527.96,1745484465528.02,0.17,16.70,0.06,16.93
1,0,306,1745484465365.72,1745484465528.03,1745484465528.20,1745484465528.20,1745484465545.48,1745484465545.48,1745484465545.54,0.17,17.28,0.06,17.52
9,0,306,1745484465382.76,1745484465545.55,1745484465545.72,1745484465545.72,1745484465562.31,1745484465562.31,1745484465562.40,0.17,16.59,0.09,16.85
6,0,306,1745484465400.42,1745484465562.41,1745484465562.90,1745484465562.90,1745484465580.15,1745484465580.15,1745484465580.21,0.49,17.25,0.06,17.79
11,0,306,1745484465417.87,1745484465580.21,1745484465580.38,1745484465580.38,1745484465597.61,1745484465597.61,1745484465597.66,0.17,17.22,0.06,17.45
10,0,306,1745484465435.32,1745484465597.67,1745484465597.84,1745484465597.84,1745484465615.13,1745484465615.13,1745484465615.19,0.17,17.28,0.06,17.52
4,0,306,1745484465452.80,1745484465615.20,1745484465615.36,1745484465615.36,1745484465632.58,1745484465632.58,1745484465632.65,0.17,17.22,0.07,17.46
7,0,306,1745484465470.20,1745484465632.66,1745484465632.83,1745484465632.83,1745484465650.00,1745484465650.00,1745484465650.06,0.17,17.17,0.06,17.40
3,0,306,1745484465487.68,1745484465650.07,1745484465650.23,1745484465650.23,1745484465667.50,1745484465667.50,1745484465667.56,0.17,17.27,0.07,17.50
2,0,306,1745484465505.50,1745484465667.57,1745484465667.74,1745484465667.74,1745484465684.90,1745484465684.90,1745484465685.17,0.17,17.16,0.28,17.60
5,0,306,1745484465522.83,1745484465685.18,1745484465685.47,1745484465685.47,1745484465702.07,1745484465702.07,1745484465702.35,0.29,16.61,0.27,17.17
8,0,306,1745484465539.97,1745484465702.36,1745484465702.96,1745484465702.96,1745484465720.19,1745484465720.19,1745484465720.25,0.60,17.23,0.06,17.89
1,0,306,1745484465558.02,1745484465720.26,1745484465720.43,1745484465720.43,1745484465737.73,1745484465737.73,1745484465737.79,0.17,17.30,0.07,17.54
9,0,306,1745484465574.51,1745484465737.80,1745484465737.98,1745484465737.98,1745484465754.65,1745484465754.65,1745484465754.73,0.18,16.67,0.09,16.93
6,0,306,1745484465592.18,1745484465754.74,1745484465755.24,1745484465755.24,1745484465772.53,1745484465772.53,1745484465772.59,0.50,17.29,0.06,17.85
11,0,306,1745484465609.60,1745484465772.60,1745484465772.77,1745484465772.77,1745484465790.00,1745484465790.00,1745484465790.08,0.17,17.23,0.08,17.48
10,0,306,1745484465627.15,1745484465790.09,1745484465790.26,1745484465790.26,1745484465807.55,1745484465807.55,1745484465807.61,0.17,17.29,0.06,17.51
4,0,306,1745484465644.69,1745484465807.62,1745484465807.79,1745484465807.79,1745484465825.04,1745484465825.04,1745484465825.10,0.17,17.25,0.06,17.48
7,0,306,1745484465662.01,1745484465825.10,1745484465825.27,1745484465825.27,1745484465841.96,1745484465841.96,1745484465842.03,0.17,16.68,0.07,16.92
3,0,306,1745484465679.52,1745484465842.04,1745484465842.20,1745484465842.20,1745484465858.83,1745484465858.83,1745484465858.90,0.17,16.63,0.07,16.86
2,0,306,1745484465697.00,1745484465858.91,1745484465859.54,1745484465859.54,1745484465876.33,1745484465876.33,1745484465876.61,0.63,16.79,0.28,17.70
5,0,306,1745484465714.54,1745484465876.62,1745484465876.93,1745484465876.93,1745484465894.06,1745484465894.06,1745484465894.14,0.31,17.13,0.08,17.52
8,0,306,1745484465732.23,1745484465894.15,1745484465894.32,1745484465894.32,1745484465911.04,1745484465911.04,1745484465911.09,0.18,16.71,0.06,16.94
1,0,306,1745484465749.81,1745484465911.10,1745484465911.27,1745484465911.27,1745484465928.14,1745484465928.14,1745484465928.20,0.17,16.87,0.06,17.10
9,0,306,1745484465766.82,1745484465928.21,1745484465928.38,1745484465928.38,1745484465945.08,1745484465945.09,1745484465945.17,0.17,16.70,0.08,16.96
6,0,306,1745484465784.53,1745484465945.18,1745484465945.68,1745484465945.68,1745484465962.41,1745484465962.41,1745484465962.48,0.49,16.74,0.07,17.30
11,0,306,1745484465801.99,1745484465962.49,1745484465962.66,1745484465962.66,1745484465979.84,1745484465979.84,1745484465979.91,0.17,17.18,0.07,17.42
10,0,306,1745484465819.57,1745484465979.92,1745484465980.09,1745484465980.09,1745484465996.75,1745484465996.75,1745484465996.83,0.17,16.66,0.08,16.91
4,0,306,1745484465836.93,1745484465996.84,1745484465997.47,1745484465997.47,1745484466014.11,1745484466014.11,1745484466014.19,0.63,16.64,0.08,17.35
7,0,306,1745484465853.74,1745484466014.20,1745484466014.37,1745484466014.37,1745484466031.54,1745484466031.54,1745484466031.81,0.17,17.17,0.27,17.61
3,0,306,1745484465871.12,1745484466031.82,1745484466032.11,1745484466032.11,1745484466049.28,1745484466049.28,1745484466049.34,0.29,17.17,0.06,17.52
2,0,306,1745484465888.51,1745484466049.35,1745484466049.52,1745484466049.52,1745484466066.63,1745484466066.63,1745484466066.91,0.17,17.11,0.28,17.56
5,0,306,1745484465905.80,1745484466066.91,1745484466067.52,1745484466067.52,1745484466084.67,1745484466084.67,1745484466084.76,0.60,17.15,0.09,17.84
8,0,306,1745484465922.93,1745484466084.77,1745484466085.26,1745484466085.26,1745484466101.90,1745484466101.90,1745484466101.96,0.49,16.64,0.06,17.19
1,0,306,1745484465940.17,1745484466101.97,1745484466102.14,1745484466102.14,1745484466119.41,1745484466119.41,1745484466119.49,0.17,17.27,0.09,17.52
9,0,306,1745484465957.14,1745484466119.50,1745484466119.67,1745484466119.67,1745484466136.33,1745484466136.33,1745484466136.42,0.17,16.66,0.09,16.92
6,0,306,1745484465974.43,1745484466136.43,1745484466136.94,1745484466136.94,1745484466153.94,1745484466153.94,1745484466154.00,0.51,16.99,0.06,17.57
11,0,306,1745484465991.69,1745484466154.01,1745484466154.18,1745484466154.18,1745484466171.24,1745484466171.24,1745484466171.29,0.17,17.06,0.06,17.29
10,0,306,1745484466008.86,1745484466171.30,1745484466171.47,1745484466171.47,1745484466188.21,1745484466188.21,1745484466188.27,0.17,16.74,0.06,16.97
4,0,306,1745484466026.18,1745484466188.28,1745484466188.45,1745484466188.45,1745484466205.65,1745484466205.65,1745484466205.70,0.17,17.20,0.06,17.42
7,0,306,1745484466043.72,1745484466205.71,1745484466205.88,1745484466205.88,1745484466223.13,1745484466223.13,1745484466223.22,0.17,17.25,0.08,17.50
3,0,306,1745484466061.33,1745484466223.23,1745484466223.55,1745484466223.55,1745484466240.18,1745484466240.18,1745484466240.98,0.33,16.62,0.81,17.76
2,0,306,1745484466079.10,1745484466240.99,1745484466241.38,1745484466241.38,1745484466259.30,1745484466259.30,1745484466259.40,0.38,17.93,0.10,18.41
5,0,306,1745484466096.66,1745484466259.41,1745484466259.58,1745484466259.58,1745484466276.75,1745484466276.75,1745484466276.83,0.17,17.17,0.08,17.43
8,0,306,1745484466113.94,1745484466276.84,1745484466277.17,1745484466277.17,1745484466294.38,1745484466294.38,1745484466294.43,0.32,17.21,0.06,17.59
1,0,306,1745484466131.59,1745484466294.44,1745484466294.62,1745484466294.62,1745484466312.01,1745484466312.01,1745484466312.10,0.17,17.40,0.08,17.66
9,0,306,1745484466148.49,1745484466312.11,1745484466312.28,1745484466312.28,1745484466328.98,1745484466328.98,1745484466329.23,0.17,16.70,0.25,17.12
6,0,306,1745484466166.00,1745484466329.25,1745484466329.83,1745484466329.83,1745484466347.13,1745484466347.13,1745484466347.21,0.58,17.30,0.08,17.95
11,0,306,1745484466183.01,1745484466347.22,1745484466347.38,1745484466347.38,1745484466364.64,1745484466364.64,1745484466364.71,0.17,17.26,0.06,17.49
10,0,306,1745484466200.18,1745484466364.72,1745484466364.89,1745484466364.89,1745484466382.15,1745484466382.15,1745484466382.22,0.17,17.26,0.08,17.51
4,0,306,1745484466217.72,1745484466382.23,1745484466382.40,1745484466382.40,1745484466399.64,1745484466399.64,1745484466399.72,0.17,17.24,0.08,17.49
7,0,306,1745484466234.93,1745484466399.73,1745484466399.92,1745484466399.92,1745484466417.13,1745484466417.13,1745484466417.19,0.19,17.21,0.06,17.46
3,0,306,1745484466252.95,1745484466417.20,1745484466417.37,1745484466417.37,1745484466434.66,1745484466434.66,1745484466434.73,0.17,17.29,0.08,17.53
2,0,306,1745484466271.34,1745484466434.74,1745484466434.91,1745484466434.91,1745484466451.97,1745484466451.97,1745484466452.25,0.17,17.06,0.27,17.51
5,0,306,1745484466288.79,1745484466452.26,1745484466452.86,1745484466452.86,1745484466469.98,1745484466469.98,1745484466470.06,0.60,17.12,0.09,17.81
8,0,306,1745484466306.50,1745484466470.07,1745484466470.57,1745484466470.57,1745484466487.74,1745484466487.74,1745484466487.79,0.50,17.17,0.06,17.72
1,0,306,1745484466324.11,1745484466487.80,1745484466487.97,1745484466487.97,1745484466505.31,1745484466505.31,1745484466505.37,0.17,17.34,0.06,17.57
9,0,306,1745484466341.43,1745484466505.38,1745484466505.55,1745484466505.55,1745484466522.18,1745484466522.18,1745484466522.44,0.16,16.63,0.26,17.06
6,0,306,1745484466359.21,1745484466522.45,1745484466523.04,1745484466523.04,1745484466540.10,1745484466540.10,1745484466540.16,0.59,17.06,0.06,17.71
11,0,306,1745484466376.63,1745484466540.17,1745484466540.34,1745484466540.34,1745484466557.64,1745484466557.64,1745484466557.70,0.17,17.30,0.06,17.53
10,0,306,1745484466394.18,1745484466557.71,1745484466557.88,1745484466557.88,1745484466574.60,1745484466574.60,1745484466574.67,0.17,16.73,0.07,16.96
4,0,306,1745484466411.69,1745484466574.68,1745484466574.85,1745484466574.85,1745484466592.11,1745484466592.11,1745484466592.17,0.17,17.26,0.06,17.49
7,0,306,1745484466429.15,1745484466592.17,1745484466592.34,1745484466592.34,1745484466609.48,1745484466609.48,1745484466609.56,0.17,17.14,0.08,17.39
3,0,306,1745484466446.72,1745484466609.57,1745484466609.74,1745484466609.74,1745484466626.93,1745484466626.93,1745484466626.99,0.17,17.19,0.06,17.42
2,0,306,1745484466464.44,1745484466627.00,1745484466627.17,1745484466627.17,1745484466644.17,1745484466644.17,1745484466644.43,0.17,17.00,0.26,17.43
5,0,306,1745484466482.15,1745484466644.44,1745484466644.74,1745484466644.74,1745484466661.82,1745484466661.82,1745484466662.10,0.30,17.08,0.28,17.66
8,0,306,1745484466499.85,1745484466662.10,1745484466662.70,1745484466662.70,1745484466679.60,1745484466679.60,1745484466679.67,0.60,16.90,0.06,17.56
1,0,306,1745484466517.84,1745484466679.68,1745484466679.84,1745484466679.84,1745484466697.10,1745484466697.10,1745484466697.17,0.17,17.26,0.07,17.49
9,0,306,1745484466534.71,1745484466697.18,1745484466697.35,1745484466697.35,1745484466713.95,1745484466713.95,1745484466714.21,0.17,16.60,0.26,17.04
6,0,306,1745484466552.23,1745484466714.22,1745484466714.83,1745484466714.83,1745484466732.06,1745484466732.06,1745484466732.13,0.61,17.23,0.07,17.91
11,0,306,1745484466569.47,1745484466732.13,1745484466732.30,1745484466732.30,1745484466749.52,1745484466749.52,1745484466749.60,0.17,17.22,0.08,17.46
10,0,306,1745484466586.63,1745484466749.61,1745484466749.77,1745484466749.77,1745484466767.01,1745484466767.01,1745484466767.07,0.17,17.23,0.06,17.46
4,0,306,1745484466604.12,1745484466767.07,1745484466767.24,1745484466767.24,1745484466784.47,1745484466784.47,1745484466784.53,0.17,17.22,0.06,17.46
7,0,306,1745484466621.54,1745484466784.54,1745484466784.71,1745484466784.71,1745484466802.01,1745484466802.01,1745484466802.07,0.17,17.31,0.06,17.53
3,0,306,1745484466639.35,1745484466802.08,1745484466802.25,1745484466802.25,1745484466819.46,1745484466819.46,1745484466819.55,0.17,17.21,0.08,17.47
2,0,306,1745484466656.38,1745484466819.55,1745484466819.72,1745484466819.72,1745484466836.27,1745484466836.27,1745484466836.35,0.17,16.54,0.08,16.80
5,0,306,1745484466674.30,1745484466836.36,1745484466836.85,1745484466836.85,1745484466854.01,1745484466854.01,1745484466854.09,0.50,17.15,0.08,17.73
8,0,306,1745484466691.61,1745484466854.10,1745484466854.27,1745484466854.27,1745484466870.98,1745484466870.98,1745484466871.04,0.18,16.71,0.06,16.95
1,0,306,1745484466709.12,1745484466871.05,1745484466871.22,1745484466871.22,1745484466888.44,1745484466888.44,1745484466888.50,0.17,17.23,0.06,17.45
9,0,306,1745484466726.42,1745484466888.51,1745484466888.69,1745484466888.69,1745484466905.34,1745484466905.34,1745484466905.43,0.18,16.65,0.09,16.92
6,0,306,1745484466744.08,1745484466905.44,1745484466905.94,1745484466905.94,1745484466923.17,1745484466923.17,1745484466923.23,0.50,17.23,0.06,17.79
11,0,306,1745484466761.56,1745484466923.23,1745484466923.40,1745484466923.40,1745484466940.58,1745484466940.58,1745484466940.64,0.17,17.18,0.06,17.40
10,0,306,1745484466779.02,1745484466940.64,1745484466940.81,1745484466940.81,1745484466958.09,1745484466958.09,1745484466958.15,0.17,17.28,0.06,17.50
4,0,306,1745484466796.61,1745484466958.15,1745484466958.32,1745484466958.32,1745484466974.93,1745484466974.93,1745484466974.97,0.17,16.61,0.04,16.82
7,0,306,1745484466814.03,1745484466974.98,1745484466975.14,1745484466975.14,1745484466992.24,1745484466992.24,1745484466992.30,0.16,17.10,0.06,17.32
3,0,306,1745484466831.39,1745484466992.31,1745484466992.47,1745484466992.47,1745484467009.02,1745484467009.02,1745484467009.07,0.16,16.56,0.04,16.76
2,0,306,1745484466848.45,1745484467009.07,1745484467009.23,1745484467009.23,1745484467025.72,1745484467025.72,1745484467025.78,0.16,16.49,0.06,16.71
5,0,306,1745484466865.80,1745484467025.79,1745484467026.07,1745484467026.07,1745484467042.86,1745484467042.86,1745484467042.92,0.28,16.79,0.07,17.14
8,0,306,1745484466883.05,1745484467042.93,1745484467043.22,1745484467043.22,1745484467060.06,1745484467060.06,1745484467060.12,0.29,16.84,0.06,17.19
1,0,306,1745484466900.65,1745484467060.13,1745484467060.42,1745484467060.42,1745484467077.30,1745484467077.30,1745484467077.34,0.29,16.88,0.04,17.21
9,0,306,1745484466917.60,1745484467077.35,1745484467077.51,1745484467077.51,1745484467094.10,1745484467094.10,1745484467094.15,0.16,16.60,0.05,16.80
6,0,306,1745484466935.12,1745484467094.16,1745484467094.31,1745484467094.31,1745484467111.04,1745484467111.04,1745484467111.10,0.15,16.73,0.06,16.94
