thread_id,request_time,gpu_start_time,gpu_end_time
9,1745424729364.56,1745424729364.63,1745424730243.59
7,1745424729368.09,1745424730243.61,1745424730252.94
10,1745424729368.12,1745424730252.96,1745424730262.33
2,1745424729368.15,1745424730262.34,1745424730271.82
1,1745424729368.17,1745424730271.84,1745424730281.23
5,1745424729370.47,1745424730281.25,1745424730290.85
3,1745424729370.50,1745424730290.88,1745424730300.53
6,1745424729370.51,1745424730300.56,1745424730310.39
4,1745424729370.53,1745424730310.42,1745424730320.37
11,1745424729371.06,1745424730320.40,1745424730330.42
8,1745424729371.77,1745424730330.46,1745424730340.60
9,1745424730502.42,1745424730502.47,1745424730512.73
7,1745424730502.46,1745424730512.76,1745424730522.70
10,1745424730511.73,1745424730522.73,1745424730532.88
2,1745424730515.25,1745424730532.91,1745424730543.00
1,1745424730529.33,1745424730543.03,1745424730553.20
3,1745424730544.93,1745424730553.23,1745424730563.12
5,1745424730546.37,1745424730563.14,1745424730573.25
6,1745424730563.24,1745424730573.27,1745424730583.48
4,1745424730575.38,1745424730583.51,1745424730593.60
11,1745424730584.68,1745424730593.63,1745424730603.78
8,1745424730596.22,1745424730603.81,1745424730614.01
9,1745424730750.24,1745424730750.31,1745424730760.66
7,1745424730760.90,1745424730760.93,1745424730771.28
10,1745424730771.16,1745424730771.31,1745424730781.50
2,1745424730773.55,1745424730781.53,1745424730791.62
1,1745424730784.78,1745424730791.65,1745424730801.76
3,1745424730792.23,1745424730801.79,1745424730811.96
5,1745424730812.92,1745424730812.95,1745424730823.39
6,1745424730822.23,1745424730823.41,1745424730833.66
4,1745424730834.17,1745424730834.20,1745424730844.63
11,1745424730843.47,1745424730844.66,1745424730854.86
8,1745424730854.64,1745424730854.89,1745424730865.16
9,1745424731000.68,1745424731000.72,1745424731011.10
7,1745424731011.24,1745424731011.26,1745424731021.67
2,1745424731020.70,1745424731021.70,1745424731031.68
10,1745424731021.22,1745424731031.70,1745424731041.85
1,1745424731033.98,1745424731041.87,1745424731051.90
3,1745424731041.68,1745424731051.93,1745424731062.12
5,1745424731063.70,1745424731063.74,1745424731074.14
6,1745424731073.34,1745424731074.17,1745424731084.52
4,1745424731085.57,1745424731085.60,1745424731096.03
11,1745424731094.60,1745424731096.05,1745424731106.28
8,1745424731105.55,1745424731106.31,1745424731116.48
9,1745424731251.31,1745424731251.34,1745424731261.70
2,1745424731260.64,1745424731261.72,1745424731271.89
7,1745424731262.24,1745424731271.91,1745424731281.98
10,1745424731282.38,1745424731282.43,1745424731292.69
1,1745424731283.70,1745424731292.71,1745424731302.62
3,1745424731291.36,1745424731302.65,1745424731312.93
5,1745424731313.38,1745424731313.41,1745424731323.77
6,1745424731323.17,1745424731323.80,1745424731334.07
4,1745424731337.45,1745424731337.49,1745424731347.98
11,1745424731346.69,1745424731348.01,1745424731358.21
8,1745424731357.37,1745424731358.24,1745424731368.44
8,1745424731597.32,1745424731597.35,1745424731607.17
2,1745424731597.37,1745424731607.19,1745424731616.35
6,1745424731597.41,1745424731616.36,1745424731625.58
3,1745424731597.50,1745424731625.60,1745424731634.88
10,1745424731597.52,1745424731634.91,1745424731644.43
7,1745424731597.75,1745424731644.46,1745424731654.11
9,1745424731598.39,1745424731654.14,1745424731663.88
1,1745424731599.06,1745424731663.91,1745424731673.71
11,1745424731599.23,1745424731673.74,1745424731683.67
5,1745424731599.27,1745424731683.70,1745424731693.89
4,1745424731599.95,1745424731693.92,1745424731704.24
8,1745424731837.73,1745424731837.77,1745424731848.09
2,1745424731840.57,1745424731848.12,1745424731858.35
6,1745424731856.49,1745424731858.38,1745424731868.85
3,1745424731861.04,1745424731868.88,1745424731879.01
10,1745424731881.66,1745424731881.70,1745424731892.15
7,1745424731889.41,1745424731892.18,1745424731902.48
9,1745424731902.25,1745424731902.50,1745424731912.59
1,1745424731903.66,1745424731912.62,1745424731922.86
11,1745424731922.61,1745424731922.89,1745424731934.42
5,1745424731933.20,1745424731934.45,1745424731944.88
4,1745424731944.33,1745424731944.91,1745424731955.10
8,1745424732088.52,1745424732089.04,1745424732099.26
2,1745424732088.58,1745424732099.29,1745424732109.38
6,1745424732107.61,1745424732109.40,1745424732119.26
3,1745424732107.99,1745424732119.29,1745424732129.52
10,1745424732131.09,1745424732131.26,1745424732141.67
7,1745424732141.94,1745424732141.96,1745424732152.39
9,1745424732151.49,1745424732152.42,1745424732162.58
1,1745424732154.56,1745424732162.60,1745424732172.64
11,1745424732173.55,1745424732173.58,1745424732183.90
5,1745424732184.18,1745424732184.22,1745424732194.60
4,1745424732195.99,1745424732196.04,1745424732206.38
2,1745424732339.30,1745424732339.35,1745424732349.60
8,1745424732339.35,1745424732349.62,1745424732359.92
6,1745424732358.68,1745424732359.95,1745424732370.25
3,1745424732360.00,1745424732370.27,1745424732380.29
10,1745424732380.72,1745424732380.75,1745424732391.15
7,1745424732391.83,1745424732391.88,1745424732402.24
9,1745424732401.36,1745424732402.28,1745424732412.42
1,1745424732403.44,1745424732412.44,1745424732422.48
11,1745424732422.93,1745424732422.97,1745424732433.32
5,1745424732434.61,1745424732434.65,1745424732444.99
4,1745424732447.22,1745424732447.24,1745424732457.56
2,1745424732577.55,1745424732577.61,1745424732587.96
8,1745424732603.63,1745424732604.44,1745424732614.86
3,1745424732608.00,1745424732614.89,1745424732624.89
6,1745424732611.97,1745424732624.92,1745424732635.07
10,1745424732632.26,1745424732635.10,1745424732645.24
7,1745424732642.33,1745424732645.26,1745424732655.76
9,1745424732651.68,1745424732655.79,1745424732665.83
1,1745424732653.17,1745424732665.86,1745424732676.08
11,1745424732673.61,1745424732676.11,1745424732686.34
5,1745424732684.44,1745424732686.36,1745424732696.75
4,1745424732697.50,1745424732697.55,1745424732707.87
