thread_id,worker_start_time,worker_request_time,worker_receive_time,worker_end_time
5,1745418556910.43,1745418556910.94,1745418556912.07,1745418556912.63
3,1745418556910.42,1745418556910.95,1745418556913.14,1745418556913.70
9,1745418556910.42,1745418556910.96,1745418556914.20,1745418556914.75
11,1745418556910.43,1745418556910.99,1745418556915.41,1745418556915.97
8,1745418556910.45,1745418556911.01,1745418556916.32,1745418556916.87
1,1745418556910.45,1745418556911.01,1745418556917.38,1745418556917.93
4,1745418556910.46,1745418556911.02,1745418556918.44,1745418556919.00
2,1745418556910.50,1745418556911.06,1745418556919.64,1745418556920.20
6,1745418556910.52,1745418556911.08,1745418556920.71,1745418556921.26
10,1745418556910.55,1745418556911.11,1745418556921.76,1745418556922.32
7,1745418556910.56,1745418556911.12,1745418556922.82,1745418556923.38
5,1745418556912.64,1745418556913.19,1745418556923.73,1745418556924.29
3,1745418556913.70,1745418556914.26,1745418556924.78,1745418556925.34
9,1745418556914.77,1745418556915.32,1745418556925.85,1745418556926.40
11,1745418556915.98,1745418556916.66,1745418556927.05,1745418556927.61
8,1745418556916.88,1745418556917.43,1745418556927.96,1745418556928.51
1,1745418556917.94,1745418556918.49,1745418556929.02,1745418556929.58
4,1745418556919.01,1745418556919.57,1745418556930.08,1745418556930.63
2,1745418556920.21,1745418556920.77,1745418556931.28,1745418556931.84
6,1745418556921.27,1745418556921.83,1745418556932.19,1745418556932.75
10,1745418556922.33,1745418556922.89,1745418556933.40,1745418556933.96
7,1745418556923.39,1745418556923.95,1745418556934.46,1745418556935.02
5,1745418556924.30,1745418556924.85,1745418556935.37,1745418556935.92
3,1745418556925.34,1745418556925.89,1745418556936.42,1745418556936.97
9,1745418556926.41,1745418556926.94,1745418556937.48,1745418556938.04
11,1745418556927.61,1745418556928.17,1745418556938.69,1745418556939.25
8,1745418556928.52,1745418556929.07,1745418556939.60,1745418556940.15
1,1745418556929.58,1745418556930.14,1745418556940.65,1745418556941.21
4,1745418556930.63,1745418556931.19,1745418556941.71,1745418556942.27
2,1745418556931.85,1745418556932.40,1745418556942.92,1745418556943.48
6,1745418556932.75,1745418556933.30,1745418556943.83,1745418556944.38
10,1745418556933.97,1745418556934.52,1745418556945.04,1745418556945.59
7,1745418556935.02,1745418556935.58,1745418556946.09,1745418556946.65
5,1745418556935.92,1745418556936.48,1745418556947.00,1745418556947.55
3,1745418556936.98,1745418556937.53,1745418556948.20,1745418556948.76
9,1745418556938.04,1745418556938.59,1745418556949.11,1745418556949.67
11,1745418556939.25,1745418556939.81,1745418556950.32,1745418556950.88
8,1745418556940.15,1745418556940.71,1745418556951.23,1745418556951.78
1,1745418556941.21,1745418556941.77,1745418556952.29,1745418556952.85
4,1745418556942.27,1745418556942.82,1745418556953.34,1745418556953.90
2,1745418556943.48,1745418556944.04,1745418556954.55,1745418556955.11
6,1745418556944.38,1745418556944.94,1745418556955.46,1745418556956.01
10,1745418556945.60,1745418556946.16,1745418556956.67,1745418556957.22
7,1745418556946.66,1745418556947.21,1745418556957.72,1745418556958.28
5,1745418556947.56,1745418556948.11,1745418556958.63,1745418556959.18
3,1745418556948.77,1745418556949.32,1745418556959.84,1745418556960.39
9,1745418556949.67,1745418556950.22,1745418556960.75,1745418556961.30
11,1745418556950.89,1745418556951.44,1745418556961.95,1745418556962.51
8,1745418556951.78,1745418556952.34,1745418556962.86,1745418556963.41
1,1745418556952.85,1745418556953.41,1745418556963.92,1745418556964.48
4,1745418556953.90,1745418556954.45,1745418556964.98,1745418556965.54
2,1745418556955.12,1745418556955.67,1745418556966.18,1745418556966.74
6,1745418556956.01,1745418556956.57,1745418556967.10,1745418556967.66
10,1745418556957.23,1745418556957.79,1745418556968.30,1745418556968.86
7,1745418556958.29,1745418556958.84,1745418556969.36,1745418556969.92
5,1745418556959.18,1745418556959.74,1745418556970.27,1745418556970.83
3,1745418556960.40,1745418556960.96,1745418556971.48,1745418556972.03
9,1745418556961.30,1745418556961.86,1745418556973.51,1745418556974.07
11,1745418556962.52,1745418556963.07,1745418556973.61,1745418556974.17
8,1745418556963.42,1745418556963.97,1745418556974.53,1745418556975.06
1,1745418556964.48,1745418556965.04,1745418556975.59,1745418556976.14
4,1745418556965.55,1745418556966.10,1745418556976.65,1745418556977.21
2,1745418556966.75,1745418556967.30,1745418556977.86,1745418556978.41
6,1745418556967.67,1745418556968.22,1745418556978.92,1745418556979.48
10,1745418556968.87,1745418556969.42,1745418556979.83,1745418556980.39
7,1745418556969.93,1745418556970.48,1745418556981.03,1745418556981.59
5,1745418556970.84,1745418556971.39,1745418556982.09,1745418556982.65
3,1745418556972.04,1745418556972.60,1745418556983.15,1745418556983.70
9,1745418556974.15,1745418556974.71,1745418556984.06,1745418556984.62
11,1745418556974.18,1745418556974.73,1745418556985.12,1745418556985.68
8,1745418556975.07,1745418556975.63,1745418556986.18,1745418556986.73
1,1745418556976.14,1745418556976.70,1745418556987.23,1745418556987.78
4,1745418556977.22,1745418556977.77,1745418556988.29,1745418556988.84
2,1745418556978.42,1745418556978.98,1745418556989.49,1745418556990.05
6,1745418556979.49,1745418556980.04,1745418556990.56,1745418556991.11
10,1745418556980.40,1745418556980.95,1745418556991.46,1745418556992.02
7,1745418556981.60,1745418556982.16,1745418556992.72,1745418556993.28
5,1745418556982.66,1745418556983.21,1745418556993.77,1745418556994.33
3,1745418556983.71,1745418556984.27,1745418556994.83,1745418556995.39
9,1745418556984.63,1745418556985.18,1745418556995.74,1745418556996.29
11,1745418556985.69,1745418556986.24,1745418556996.80,1745418556997.35
8,1745418556986.74,1745418556987.30,1745418556997.85,1745418556998.41
1,1745418556987.79,1745418556988.34,1745418556998.91,1745418556999.47
4,1745418556988.85,1745418556989.40,1745418556999.97,1745418557000.53
2,1745418556990.06,1745418556990.61,1745418557001.18,1745418557001.73
6,1745418556991.12,1745418556991.68,1745418557002.24,1745418557002.79
10,1745418556992.02,1745418556992.57,1745418557003.14,1745418557003.70
7,1745418556993.28,1745418556993.84,1745418557004.35,1745418557004.91
5,1745418556994.34,1745418556994.89,1745418557005.41,1745418557005.97
3,1745418556995.39,1745418556995.95,1745418557006.47,1745418557007.02
9,1745418556996.30,1745418556996.85,1745418557007.38,1745418557007.93
11,1745418556997.35,1745418556997.91,1745418557008.43,1745418557008.99
8,1745418556998.41,1745418556998.97,1745418557009.49,1745418557010.04
1,1745418556999.47,1745418557000.03,1745418557010.55,1745418557011.11
4,1745418557000.54,1745418557001.09,1745418557011.61,1745418557012.16
2,1745418557001.74,1745418557002.30,1745418557012.81,1745418557013.37
6,1745418557002.80,1745418557003.36,1745418557013.87,1745418557014.43
10,1745418557003.70,1745418557004.26,1745418557014.78,1745418557015.33
7,1745418557004.92,1745418557005.47,1745418557015.99,1745418557016.54
5,1745418557005.98,1745418557006.53,1745418557017.05,1745418557017.60
3,1745418557007.03,1745418557007.59,1745418557018.10,1745418557018.66
9,1745418557007.93,1745418557008.49,1745418557019.16,1745418557019.72
11,1745418557008.99,1745418557009.54,1745418557020.22,1745418557020.77
8,1745418557010.05,1745418557010.60,1745418557021.13,1745418557021.68
1,1745418557011.11,1745418557011.67,1745418557022.18,1745418557022.74
4,1745418557012.17,1745418557012.72,1745418557023.24,1745418557023.80
2,1745418557013.38,1745418557013.93,1745418557024.45,1745418557025.00
6,1745418557014.44,1745418557014.99,1745418557025.36,1745418557025.91
10,1745418557015.34,1745418557015.89,1745418557026.41,1745418557026.97
7,1745418557016.55,1745418557017.11,1745418557027.62,1745418557028.18
